,project,Strain Type,Strain Description,Short_genotype,Culture Type,Media version,Growth Rate (1/hr),mu_set
DDB2__PD-005_BW25113_Batch_6h__1,DDB2,WT,Escherichia coli BW25113,BW25113,Batch,1,max,none
DDB2__PD-005_BW25113_Batch_6h__2,DDB2,WT,Escherichia coli BW25113,BW25113,Batch,1,max,none
DDB2__PD-003_BW25113_Batch_9h__1,DDB2,WT,Escherichia coli BW25113,BW25113,Batch,1,max,none
DDB2__PD-003_BW25113_Batch_9h__2,DDB2,WT,Escherichia coli BW25113,BW25113,Batch,1,max,none
DDB2__PD-003_BW25113_Fed-batch_6h__1,DDB2,WT,Escherichia coli BW25113,BW25113,Fed-batch,1,0.11,0.11
DDB2__PD-003_BW25113_Fed-batch_6h__2,DDB2,WT,Escherichia coli BW25113,BW25113,Fed-batch,1,0.11,0.11
DDB2__PD-005_BW25113_Fed-batch_6h__1,DDB2,WT,Escherichia coli BW25113,BW25113,Fed-batch,1,0.11,0.11
DDB2__PD-005_BW25113_Fed-batch_6h__2,DDB2,WT,Escherichia coli BW25113,BW25113,Fed-batch,1,0.11,0.11
DDB2__PD-005_BW25113_Fed-batch_6h__3,DDB2,WT,Escherichia coli BW25113,BW25113,Fed-batch,1,0.11,0.11
DDB2__PD-005_BW25113_Fed-batch_15h__1,DDB2,WT,Escherichia coli BW25113,BW25113,Fed-batch,1,0.11,0.11
DDB2__PD-005_BW25113_Fed-batch_15h__2,DDB2,WT,Escherichia coli BW25113,BW25113,Fed-batch,1,0.11,0.11
DDB2__PD-003_BW25113_Fed-batch_21h__1,DDB2,WT,Escherichia coli BW25113,BW25113,Fed-batch,1,0.11,0.11
DDB2__PD-003_BW25113_Fed-batch_21h__2,DDB2,WT,Escherichia coli BW25113,BW25113,Fed-batch,1,0.11,0.11
DDB2__PD-004_del-basS_Batch_6h__1,DDB2,TF KO,Escherichia coli BW25113 del-basS,BW25113 del-basS,Batch,1,max,none
DDB2__PD-004_del-basS_Batch_6h__2,DDB2,TF KO,Escherichia coli BW25113 del-basS,BW25113 del-basS,Batch,1,max,none
DDB2__PD-004_del-basS_Fed-batch_6h__1,DDB2,TF KO,Escherichia coli BW25113 del-basS,BW25113 del-basS,Fed-batch,1,0.11,0.11
DDB2__PD-004_del-basS_Fed-batch_6h__2,DDB2,TF KO,Escherichia coli BW25113 del-basS,BW25113 del-basS,Fed-batch,1,0.11,0.11
DDB2__PD-004_del-basS_Fed-batch_15h__1,DDB2,TF KO,Escherichia coli BW25113 del-basS,BW25113 del-basS,Fed-batch,1,0.11,0.11
DDB2__PD-004_del-basS_Fed-batch_15h__2,DDB2,TF KO,Escherichia coli BW25113 del-basS,BW25113 del-basS,Fed-batch,1,0.11,0.11
DDB2__PD-004_del-kdpE_Batch_6h__1,DDB2,TF KO,Escherichia coli BW25113 del-kdpE,BW25113 del-kdpE,Batch,1,max,none
DDB2__PD-004_del-kdpE_Batch_6h__2,DDB2,TF KO,Escherichia coli BW25113 del-kdpE,BW25113 del-kdpE,Batch,1,max,none
DDB2__PD-004_del-kdpE_Fed-batch_6h__1,DDB2,TF KO,Escherichia coli BW25113 del-kdpE,BW25113 del-kdpE,Fed-batch,1,0.11,0.11
DDB2__PD-004_del-kdpE_Fed-batch_6h__2,DDB2,TF KO,Escherichia coli BW25113 del-kdpE,BW25113 del-kdpE,Fed-batch,1,0.11,0.11
DDB2__PD-004_del-kdpE_Fed-batch_15h__1,DDB2,TF KO,Escherichia coli BW25113 del-kdpE,BW25113 del-kdpE,Fed-batch,1,0.11,0.11
DDB2__PD-004_del-kdpE_Fed-batch_15h__2,DDB2,TF KO,Escherichia coli BW25113 del-kdpE,BW25113 del-kdpE,Fed-batch,1,0.11,0.11
DDB2__PD-005_del-phoB_Batch_6h__1,DDB2,TF KO,Escherichia coli BW25113 del-phoB,BW25113 del-phoB,Batch,1,max,none
DDB2__PD-005_del-phoB_Batch_6h__2,DDB2,TF KO,Escherichia coli BW25113 del-phoB,BW25113 del-phoB,Batch,1,max,none
DDB2__PD-005_del-phoB_Batch_6h__3,DDB2,TF KO,Escherichia coli BW25113 del-phoB,BW25113 del-phoB,Batch,1,max,none
DDB2__PD-003_del-phoB_Batch_9h__1,DDB2,TF KO,Escherichia coli BW25113 del-phoB,BW25113 del-phoB,Batch,1,max,none
DDB2__PD-003_del-phoB_Batch_9h__2,DDB2,TF KO,Escherichia coli BW25113 del-phoB,BW25113 del-phoB,Batch,1,max,none
DDB2__PD-003_del-phoB_Fed-batch_6h__1,DDB2,TF KO,Escherichia coli BW25113 del-phoB,BW25113 del-phoB,Fed-batch,1,0.11,0.11
DDB2__PD-003_del-phoB_Fed-batch_6h__2,DDB2,TF KO,Escherichia coli BW25113 del-phoB,BW25113 del-phoB,Fed-batch,1,0.11,0.11
DDB2__PD-005_del-phoB_Fed-batch_6h__1,DDB2,TF KO,Escherichia coli BW25113 del-phoB,BW25113 del-phoB,Fed-batch,1,0.11,0.11
DDB2__PD-005_del-phoB_Fed-batch_6h__2,DDB2,TF KO,Escherichia coli BW25113 del-phoB,BW25113 del-phoB,Fed-batch,1,0.11,0.11
DDB2__PD-005_del-phoB_Fed-batch_15h__1,DDB2,TF KO,Escherichia coli BW25113 del-phoB,BW25113 del-phoB,Fed-batch,1,0.11,0.11
DDB2__PD-005_del-phoB_Fed-batch_15h__2,DDB2,TF KO,Escherichia coli BW25113 del-phoB,BW25113 del-phoB,Fed-batch,1,0.11,0.11
DDB2__PD-003_del-phoB_Fed-batch_21h__1,DDB2,TF KO,Escherichia coli BW25113 del-phoB,BW25113 del-phoB,Fed-batch,1,0.11,0.11
DDB2__PD-003_del-phoB_Fed-batch_21h__2,DDB2,TF KO,Escherichia coli BW25113 del-phoB,BW25113 del-phoB,Fed-batch,1,0.11,0.11
DDB2__PD-004_del-qseB_Batch_6h__1,DDB2,TF KO,Escherichia coli BW25113 del-qseB,BW25113 del-qseB,Batch,1,max,none
DDB2__PD-004_del-qseB_Fed-batch_6h__1,DDB2,TF KO,Escherichia coli BW25113 del-qseB,BW25113 del-qseB,Fed-batch,1,0.11,0.11
DDB2__PD-004_del-qseB_Fed-batch_6h__2,DDB2,TF KO,Escherichia coli BW25113 del-qseB,BW25113 del-qseB,Fed-batch,1,0.11,0.11
DDB2__PD-004_del-qseB_Fed-batch_15h__1,DDB2,TF KO,Escherichia coli BW25113 del-qseB,BW25113 del-qseB,Fed-batch,1,0.11,0.11
DDB2__PD-004_del-qseB_Fed-batch_15h__2,DDB2,TF KO,Escherichia coli BW25113 del-qseB,BW25113 del-qseB,Fed-batch,1,0.11,0.11
DDB2__PD-004_del-qseC_Batch_6h__1,DDB2,TF KO,Escherichia coli BW25113 del-qseC,BW25113 del-qseC,Batch,1,max,none
DDB2__PD-004_del-qseC_Batch_6h__2,DDB2,TF KO,Escherichia coli BW25113 del-qseC,BW25113 del-qseC,Batch,1,max,none
DDB2__PD-004_del-qseC_Fed-batch_6h__1,DDB2,TF KO,Escherichia coli BW25113 del-qseC,BW25113 del-qseC,Fed-batch,1,0.11,0.11
DDB2__PD-004_del-qseC_Fed-batch_6h__2,DDB2,TF KO,Escherichia coli BW25113 del-qseC,BW25113 del-qseC,Fed-batch,1,0.11,0.11
DDB2__PD-004_del-qseC_Fed-batch_15h__1,DDB2,TF KO,Escherichia coli BW25113 del-qseC,BW25113 del-qseC,Fed-batch,1,0.11,0.11
DDB2__PD-004_del-qseC_Fed-batch_15h__2,DDB2,TF KO,Escherichia coli BW25113 del-qseC,BW25113 del-qseC,Fed-batch,1,0.11,0.11
DDB2__PD-005_del-qseF_Batch_6h__1,DDB2,TF KO,Escherichia coli BW25113 del-qseF,BW25113 del-qseF,Batch,1,max,none
DDB2__PD-005_del-qseF_Batch_6h__2,DDB2,TF KO,Escherichia coli BW25113 del-qseF,BW25113 del-qseF,Batch,1,max,none
DDB2__PD-003_del-qseF_Batch_6h__1,DDB2,TF KO,Escherichia coli BW25113 del-qseF,BW25113 del-qseF,Batch,1,max,none
DDB2__PD-003_del-qseF_Batch_6h__2,DDB2,TF KO,Escherichia coli BW25113 del-qseF,BW25113 del-qseF,Batch,1,max,none
DDB2__PD-003_del-qseF_Fed-batch_6h__1,DDB2,TF KO,Escherichia coli BW25113 del-qseF,BW25113 del-qseF,Fed-batch,1,0.11,0.11
DDB2__PD-003_del-qseF_Fed-batch_6h__2,DDB2,TF KO,Escherichia coli BW25113 del-qseF,BW25113 del-qseF,Fed-batch,1,0.11,0.11
DDB2__PD-005_del-qseF_Fed-batch_6h__1,DDB2,TF KO,Escherichia coli BW25113 del-qseF,BW25113 del-qseF,Fed-batch,1,0.11,0.11
DDB2__PD-005_del-qseF_Fed-batch_6h__2,DDB2,TF KO,Escherichia coli BW25113 del-qseF,BW25113 del-qseF,Fed-batch,1,0.11,0.11
DDB2__PD-005_del-qseF_Fed-batch_6h__3,DDB2,TF KO,Escherichia coli BW25113 del-qseF,BW25113 del-qseF,Fed-batch,1,0.11,0.11
DDB2__PD-005_del-qseF_Fed-batch_15h__1,DDB2,TF KO,Escherichia coli BW25113 del-qseF,BW25113 del-qseF,Fed-batch,1,0.11,0.11
DDB2__PD-005_del-qseF_Fed-batch_15h__2,DDB2,TF KO,Escherichia coli BW25113 del-qseF,BW25113 del-qseF,Fed-batch,1,0.11,0.11
DDB2__PD-003_del-qseF_Fed-batch_21h__1,DDB2,TF KO,Escherichia coli BW25113 del-qseF,BW25113 del-qseF,Fed-batch,1,0.11,0.11
DDB2__PD-003_del-qseF_Fed-batch_21h__2,DDB2,TF KO,Escherichia coli BW25113 del-qseF,BW25113 del-qseF,Fed-batch,1,0.11,0.11
DDB2__PD-005_MG1655-del-fhuA_Batch_6h__1,DDB2,WT,Escherichia coli K-12 MG1655 del-fhuA,MG1655,Batch,1,max,none
DDB2__PD-005_MG1655-del-fhuA_Batch_6h__2,DDB2,WT,Escherichia coli K-12 MG1655 del-fhuA,MG1655,Batch,1,max,none
DDB2__PD-005_MG1655-del-fhuA_Batch_6h__3,DDB2,WT,Escherichia coli K-12 MG1655 del-fhuA,MG1655,Batch,1,max,none
DDB2__PD-005_MG1655-del-fhuA_Fed-batch_6h__1,DDB2,WT,Escherichia coli K-12 MG1655 del-fhuA,MG1655,Fed-batch,1,0.11,0.11
DDB2__PD-005_MG1655-del-fhuA_Fed-batch_6h__2,DDB2,WT,Escherichia coli K-12 MG1655 del-fhuA,MG1655,Fed-batch,1,0.11,0.11
DDB2__PD-005_MG1655-del-fhuA_Fed-batch_15h__1,DDB2,WT,Escherichia coli K-12 MG1655 del-fhuA,MG1655,Fed-batch,1,0.11,0.11
DDB2__PD-005_MG1655-del-fhuA_Fed-batch_15h__2,DDB2,WT,Escherichia coli K-12 MG1655 del-fhuA,MG1655,Fed-batch,1,0.11,0.11
DDB3__PD-009_del-arcA_Batch_6h__1,DDB3,TF KO,Escherichia coli BW25113 del-arcA,BW25113 del-arcA,Batch,1,max,none
DDB3__PD-009_del-arcA_Batch_6h__2,DDB3,TF KO,Escherichia coli BW25113 del-arcA,BW25113 del-arcA,Batch,1,max,none
DDB3__PD-009_del-arcA_Fed-batch_6h__1,DDB3,TF KO,Escherichia coli BW25113 del-arcA,BW25113 del-arcA,Fed-batch,1,0.11,0.11
DDB3__PD-009_del-arcA_Fed-batch_6h__2,DDB3,TF KO,Escherichia coli BW25113 del-arcA,BW25113 del-arcA,Fed-batch,1,0.11,0.11
DDB3__PD-009_del-arcA_Fed-batch_15h__1,DDB3,TF KO,Escherichia coli BW25113 del-arcA,BW25113 del-arcA,Fed-batch,1,0.11,0.11
DDB3__PD-009_del-arcA_Fed-batch_15h__2,DDB3,TF KO,Escherichia coli BW25113 del-arcA,BW25113 del-arcA,Fed-batch,1,0.11,0.11
DDB3__PD-006_del-baeR_Batch_12h__1,DDB3,TF KO,Escherichia coli BW25113 del-baeR,BW25113 del-baeR,Batch,1,max,none
DDB3__PD-006_del-baeR_Batch_12h__2,DDB3,TF KO,Escherichia coli BW25113 del-baeR,BW25113 del-baeR,Batch,1,max,none
DDB3__PD-009_del-baeR_Batch_12h__1,DDB3,TF KO,Escherichia coli BW25113 del-baeR,BW25113 del-baeR,Batch,1,max,none
DDB3__PD-009_del-baeR_Batch_12h__2,DDB3,TF KO,Escherichia coli BW25113 del-baeR,BW25113 del-baeR,Batch,1,max,none
DDB3__PD-006_del-baeR_Fed-batch_12h__1,DDB3,TF KO,Escherichia coli BW25113 del-baeR,BW25113 del-baeR,Fed-batch,1,0.11,0.11
DDB3__PD-006_del-baeR_Fed-batch_12h__2,DDB3,TF KO,Escherichia coli BW25113 del-baeR,BW25113 del-baeR,Fed-batch,1,0.11,0.11
DDB3__PD-009_del-baeR_Fed-batch_12h__1,DDB3,TF KO,Escherichia coli BW25113 del-baeR,BW25113 del-baeR,Fed-batch,1,0.11,0.11
DDB3__PD-009_del-baeR_Fed-batch_12h__2,DDB3,TF KO,Escherichia coli BW25113 del-baeR,BW25113 del-baeR,Fed-batch,1,0.11,0.11
DDB3__PD-009_del-baeR_Fed-batch_18h__1,DDB3,TF KO,Escherichia coli BW25113 del-baeR,BW25113 del-baeR,Fed-batch,1,0.11,0.11
DDB3__PD-006_del-lsrB_Batch_6h__1,DDB3,TF KO,Escherichia coli BW25113 del-lsrB,BW25113 del-lsrB,Batch,1,max,none
DDB3__PD-006_del-lsrB_Batch_6h__2,DDB3,TF KO,Escherichia coli BW25113 del-lsrB,BW25113 del-lsrB,Batch,1,max,none
DDB3__PD-006_del-lsrB_Fed-batch_6h__1,DDB3,TF KO,Escherichia coli BW25113 del-lsrB,BW25113 del-lsrB,Fed-batch,1,0.11,0.11
DDB3__PD-006_del-lsrB_Fed-batch_6h__2,DDB3,TF KO,Escherichia coli BW25113 del-lsrB,BW25113 del-lsrB,Fed-batch,1,0.11,0.11
DDB3__PD-006_del-lsrB_Fed-batch_6h__3,DDB3,TF KO,Escherichia coli BW25113 del-lsrB,BW25113 del-lsrB,Fed-batch,1,0.11,0.11
DDB3__PD-006_del-lsrB_Fed-batch_15h__1,DDB3,TF KO,Escherichia coli BW25113 del-lsrB,BW25113 del-lsrB,Fed-batch,1,0.11,0.11
DDB3__PD-006_del-lsrB_Fed-batch_15h__2,DDB3,TF KO,Escherichia coli BW25113 del-lsrB,BW25113 del-lsrB,Fed-batch,1,0.11,0.11
DDB3__PD-009_del-lsrK_Batch_6h__1,DDB3,TF KO,Escherichia coli BW25113 del-lsrK,BW25113 del-lsrK,Batch,1,max,none
DDB3__PD-009_del-lsrK_Batch_6h__2,DDB3,TF KO,Escherichia coli BW25113 del-lsrK,BW25113 del-lsrK,Batch,1,max,none
DDB3__PD-009_del-lsrK_Fed-batch_6h__1,DDB3,TF KO,Escherichia coli BW25113 del-lsrK,BW25113 del-lsrK,Fed-batch,1,0.11,0.11
DDB3__PD-009_del-lsrK_Fed-batch_6h__2,DDB3,TF KO,Escherichia coli BW25113 del-lsrK,BW25113 del-lsrK,Fed-batch,1,0.11,0.11
DDB3__PD-009_del-lsrK_Fed-batch_15h__1,DDB3,TF KO,Escherichia coli BW25113 del-lsrK,BW25113 del-lsrK,Fed-batch,1,0.11,0.11
DDB3__PD-009_del-lsrK_Fed-batch_15h__2,DDB3,TF KO,Escherichia coli BW25113 del-lsrK,BW25113 del-lsrK,Fed-batch,1,0.11,0.11
DDB3__PD-009_del-lsrK_Fed-batch_15h__3,DDB3,TF KO,Escherichia coli BW25113 del-lsrK,BW25113 del-lsrK,Fed-batch,1,0.11,0.11
DDB3__PD-006_del-lsrR_Batch_6h__1,DDB3,TF KO,Escherichia coli BW25113 del-lsrR,BW25113 del-lsrR,Batch,1,max,none
DDB3__PD-006_del-lsrR_Batch_6h__2,DDB3,TF KO,Escherichia coli BW25113 del-lsrR,BW25113 del-lsrR,Batch,1,max,none
DDB3__PD-006_del-lsrR_Fed-batch_6h__1,DDB3,TF KO,Escherichia coli BW25113 del-lsrR,BW25113 del-lsrR,Fed-batch,1,0.11,0.11
DDB3__PD-006_del-lsrR_Fed-batch_6h__2,DDB3,TF KO,Escherichia coli BW25113 del-lsrR,BW25113 del-lsrR,Fed-batch,1,0.11,0.11
DDB3__PD-006_del-lsrR_Fed-batch_15h__1,DDB3,TF KO,Escherichia coli BW25113 del-lsrR,BW25113 del-lsrR,Fed-batch,1,0.11,0.11
DDB3__PD-006_del-lsrR_Fed-batch_15h__2,DDB3,TF KO,Escherichia coli BW25113 del-lsrR,BW25113 del-lsrR,Fed-batch,1,0.11,0.11
DDB3__PD-006_del-lsrR_Fed-batch_15h__3,DDB3,TF KO,Escherichia coli BW25113 del-lsrR,BW25113 del-lsrR,Fed-batch,1,0.11,0.11
DDB3__PD-009_del-luxS_Batch_6h__1,DDB3,TF KO,Escherichia coli BW25113 del-luxS,BW25113 del-luxS,Batch,1,max,none
DDB3__PD-009_del-luxS_Batch_6h__2,DDB3,TF KO,Escherichia coli BW25113 del-luxS,BW25113 del-luxS,Batch,1,max,none
DDB3__PD-009_del-luxS_Fed-batch_6h__1,DDB3,TF KO,Escherichia coli BW25113 del-luxS,BW25113 del-luxS,Fed-batch,1,0.11,0.11
DDB3__PD-009_del-luxS_Fed-batch_6h__2,DDB3,TF KO,Escherichia coli BW25113 del-luxS,BW25113 del-luxS,Fed-batch,1,0.11,0.11
DDB3__PD-009_del-luxS_Fed-batch_15h__1,DDB3,TF KO,Escherichia coli BW25113 del-luxS,BW25113 del-luxS,Fed-batch,1,0.11,0.11
DDB3__PD-009_del-luxS_Fed-batch_15h__2,DDB3,TF KO,Escherichia coli BW25113 del-luxS,BW25113 del-luxS,Fed-batch,1,0.11,0.11
DDB3__PD-006_del-rpoS_Batch_9h__1,DDB3,TF KO,Escherichia coli BW25113 del-rpoS,BW25113 del-rpoS,Batch,1,max,none
DDB3__PD-006_del-rpoS_Batch_9h__2,DDB3,TF KO,Escherichia coli BW25113 del-rpoS,BW25113 del-rpoS,Batch,1,max,none
DDB3__PD-006_del-rpoS_Fed-batch_6h__1,DDB3,TF KO,Escherichia coli BW25113 del-rpoS,BW25113 del-rpoS,Fed-batch,1,0.11,0.11
DDB3__PD-006_del-rpoS_Fed-batch_6h__2,DDB3,TF KO,Escherichia coli BW25113 del-rpoS,BW25113 del-rpoS,Fed-batch,1,0.11,0.11
DDB3__PD-006_del-rpoS_Fed-batch_6h__3,DDB3,TF KO,Escherichia coli BW25113 del-rpoS,BW25113 del-rpoS,Fed-batch,1,0.11,0.11
DDB3__PD-006_del-rpoS_Fed-batch_15h__1,DDB3,TF KO,Escherichia coli BW25113 del-rpoS,BW25113 del-rpoS,Fed-batch,1,0.11,0.11
DDB3__PD-006_del-rpoS_Fed-batch_15h__2,DDB3,TF KO,Escherichia coli BW25113 del-rpoS,BW25113 del-rpoS,Fed-batch,1,0.11,0.11
DDB3__PD-009_del-tnaA_Batch_6h__1,DDB3,TF KO,Escherichia coli BW25113 del-tnaA,BW25113 del-tnaA,Batch,1,max,none
DDB3__PD-009_del-tnaA_Fed-batch_6h__1,DDB3,TF KO,Escherichia coli BW25113 del-tnaA,BW25113 del-tnaA,Fed-batch,1,0.11,0.11
DDB3__PD-009_del-tnaA_Fed-batch_15h__1,DDB3,TF KO,Escherichia coli BW25113 del-tnaA,BW25113 del-tnaA,Fed-batch,1,0.11,0.11
DDB3__PD-009_del-tnaA_Fed-batch_15h__2,DDB3,TF KO,Escherichia coli BW25113 del-tnaA,BW25113 del-tnaA,Fed-batch,1,0.11,0.11
DDB_0234,ddb_pd_036,WT,Escherichia coli BW25113,BW25113,Batch,1,max,none
DDB_0235,ddb_pd_036,WT,Escherichia coli BW25113,BW25113,Batch,1,max,none
DDB_0236,ddb_pd_036,WT,Escherichia coli BW25113,BW25113,Fed-batch,1,0.123,0.11
DDB_0237,ddb_pd_036,WT,Escherichia coli BW25113,BW25113,Fed-batch,1,0.107,0.11
DDB_0238,ddb_pd_036,TF KO,Escherichia coli BW25113 del-zur,BW25113 del-zur,Batch,1,0.543,none
DDB_0239,ddb_pd_036,TF KO,Escherichia coli BW25113 del-zur,BW25113 del-zur,Fed-batch,1,0.109,0.11
DDB_0240,ddb_pd_036,TF KO,Escherichia coli BW25113 del-zur,BW25113 del-zur,Fed-batch,1,0.119,0.11
DDB_0241,ddb_pd_036,WT,Escherichia coli BW25113,BW25113,Batch,1,max,none
DDB_0242,ddb_pd_036,WT,Escherichia coli BW25113,BW25113,Batch,1,max,none
DDB_0243,ddb_pd_036,WT,Escherichia coli BW25113,BW25113,Fed-batch,1,0.106,0.11
DDB_0244,ddb_pd_036,WT,Escherichia coli BW25113,BW25113,Fed-batch,1,0.109,0.11
DDB_0245,ddb_pd_036,TF KO,Escherichia coli BW25113 del-zur,BW25113 del-zur,Batch,1,max,none
DDB_0246,ddb_pd_036,TF KO,Escherichia coli BW25113 del-zur,BW25113 del-zur,Batch,1,max,none
DDB_0247,ddb_pd_036,TF KO,Escherichia coli BW25113 del-zur,BW25113 del-zur,Fed-batch,1,0.104,0.11
DDB_0248,ddb_pd_036,TF KO,Escherichia coli BW25113 del-zur,BW25113 del-zur,Fed-batch,1,0.108,0.11
DDB_0249,ddb_pd_036,WT,Escherichia coli BW25113,BW25113,Batch,1,max,none
DDB_0250,ddb_pd_036,WT,Escherichia coli BW25113,BW25113,Batch,1,max,none
DDB_0251,ddb_pd_036,WT,Escherichia coli BW25113,BW25113,Fed-batch,1,0.113,0.11
DDB_0252,ddb_pd_036,WT,Escherichia coli BW25113,BW25113,Fed-batch,1,0.13,0.11
DDB_0253,ddb_pd_036,TF KO,Escherichia coli BW25113 del-zur,BW25113 del-zur,Batch,1,max,none
DDB_0254,ddb_pd_036,TF KO,Escherichia coli BW25113 del-zur,BW25113 del-zur,Batch,1,max,none
DDB_0255,ddb_pd_036,TF KO,Escherichia coli BW25113 del-zur,BW25113 del-zur,Fed-batch,1,0.114,0.11
DDB_0311,ddb_pd_065,WT,Escherichia coli BW25113,BW25113,Batch,2,max,none
DDB_0312,ddb_pd_065,WT,Escherichia coli BW25113,BW25113,Fed-batch,2,0.081,0.11
DDB_0313,ddb_pd_065,WT,Escherichia coli BW25113,BW25113,Fed-batch,2,0.095,0.11
DDB_0314,ddb_pd_065,WT,Escherichia coli BW25113,BW25113,Fed-batch,2,0.096,0.11
DDB_0315,ddb_pd_065,TF KO,Escherichia coli BW25113 del-nac,BW25113 del-nac,Batch,2,max,none
DDB_0316,ddb_pd_065,TF KO,Escherichia coli BW25113 del-nac,BW25113 del-nac,Batch,2,max,none
DDB_0317,ddb_pd_065,TF KO,Escherichia coli BW25113 del-nac,BW25113 del-nac,Fed-batch,2,0.103,0.11
DDB_0318,ddb_pd_065,TF KO,Escherichia coli BW25113 del-nac,BW25113 del-nac,Fed-batch,2,0.097,0.11
DDB_0319,ddb_pd_065,TF KO,Escherichia coli BW25113 del-purR,BW25113 del-purR,Batch,2,max,none
DDB_0320,ddb_pd_065,TF KO,Escherichia coli BW25113 del-purR,BW25113 del-purR,Batch,2,max,none
DDB_0321,ddb_pd_065,TF KO,Escherichia coli BW25113 del-purR,BW25113 del-purR,Fed-batch,2,0.1,0.11
DDB_0322,ddb_pd_065,TF KO,Escherichia coli BW25113 del-purR,BW25113 del-purR,Fed-batch,2,0.091,0.11
DDB_0323,ddb_pd_065,TF KO,Escherichia coli BW25113 del-prpR,BW25113 del-prpR,Batch,2,max,none
DDB_0324,ddb_pd_065,TF KO,Escherichia coli BW25113 del-prpR,BW25113 del-prpR,Batch,2,max,none
DDB_0325,ddb_pd_065,TF KO,Escherichia coli BW25113 del-prpR,BW25113 del-prpR,Fed-batch,2,0.093,0.11
DDB_0326,ddb_pd_065,TF KO,Escherichia coli BW25113 del-prpR,BW25113 del-prpR,Fed-batch,2,0.09,0.11
DDB_0327,ddb_pd_065,TF KO,Escherichia coli BW25113 del-fur,BW25113 del-fur,Batch,2,max,none
DDB_0328,ddb_pd_065,TF KO,Escherichia coli BW25113 del-fur,BW25113 del-fur,Fed-batch,2,0.095,0.11
DDB_0329,ddb_pd_065,TF KO,Escherichia coli BW25113 del-fur,BW25113 del-fur,Fed-batch,2,0.089,0.11
DDB_0330,ddb_pd_065,TF KO,Escherichia coli BW25113 del-csgD,BW25113 del-csgD,Batch,2,max,none
DDB_0331,ddb_pd_065,TF KO,Escherichia coli BW25113 del-csgD,BW25113 del-csgD,Batch,2,max,none
DDB_0332,ddb_pd_065,TF KO,Escherichia coli BW25113 del-csgD,BW25113 del-csgD,Fed-batch,2,0.094,0.11
DDB_0333,ddb_pd_065,TF KO,Escherichia coli BW25113 del-csgD,BW25113 del-csgD,Fed-batch,2,0.092,0.11
PD_117_R11_S05#,ddb_ff_sd,TPS,Escherichia coli K-12 BW25113 FolE(T198I) YnbB(V197A) del-TnaA del-TrpR::P2-ckDDC obgE(E350A) del-yddG::PJ23101-sgAANAT(D63G) del-PfolE::PJ23100 del-ldhA::PJ23101-sgAANAT(D63G) del-cytR::P2-ckDDC trpE(S40F) del-fhuA,BW25113 Tryptophan,Fed-batch,3,0.05,0.05
PD_117_R12_S05#,ddb_ff_sd,TPS,Escherichia coli K-12 BW25113 FolE(T198I) YnbB(V197A) del-TnaA del-TrpR::P2-ckDDC obgE(E350A) del-yddG::PJ23101-sgAANAT(D63G) del-PfolE::PJ23100 del-ldhA::PJ23101-sgAANAT(D63G) del-cytR::P2-ckDDC trpE(S40F) del-fhuA,BW25113 Tryptophan,Fed-batch,3,0.05,0.05
PD_117_R13_S05#,ddb_ff_sd,TPS,Escherichia coli K-12 BW25113 FolE(T198I) YnbB(V197A) del-TnaA del-TrpR::P2-ckDDC obgE(E350A) del-yddG::PJ23101-sgAANAT(D63G) del-PfolE::PJ23100 del-ldhA::PJ23101-sgAANAT(D63G) del-cytR::P2-ckDDC trpE(S40F) del-fhuA,BW25113 Tryptophan,Fed-batch,3,0.05,0.05
PD_117_R5_S05#1,ddb_ff_sd,WT,Escherichia coli BW25113,BW25113,Fed-batch,3,0.05,0.05
PD_117_R6_S05#1,ddb_ff_sd,WT,Escherichia coli BW25113,BW25113,Fed-batch,3,0.05,0.05
PD_117_R7_S05#1,ddb_ff_sd,WT,Escherichia coli BW25113,BW25113,Fed-batch,3,0.05,0.05
PD_121_R11_S05#,ddb_ff_sd,TF KO,Escherichia coli BW25113 del-rpoS,BW25113 del-rpoS,Fed-batch,3,0.05,0.05
PD_121_R13_S05#,ddb_ff_sd,TF KO,Escherichia coli BW25113 del-fliA,BW25113 del-fliA,Fed-batch,3,0.05,0.05
PD_121_R15_S05#,ddb_ff_sd,TF KO,Escherichia coli BW25113 del-crp,BW25113 del-crp,Fed-batch,3,0.05,0.05
PD_121_R5_S05#2,ddb_ff_sd,WT,Escherichia coli BW25113,BW25113,Fed-batch,3,0.05,0.05
PD_121_R7_S05#2,ddb_ff_sd,TF KO,Escherichia coli BW25113 del-prpR,BW25113 del-prpR,Fed-batch,3,0.05,0.05
PD_121_R9_S05#2,ddb_ff_sd,TF KO,Escherichia coli BW25113 del-cra,BW25113 del-cra,Fed-batch,3,0.05,0.05
PD_122_R11_S05#,ddb_ff_sd,TF KO,Escherichia coli BW25113 del-rpoS,BW25113 del-rpoS,Fed-batch,3,0.05,0.05
PD_122_R13_S05#,ddb_ff_sd,TF KO,Escherichia coli BW25113 del-fliA,BW25113 del-fliA,Fed-batch,3,0.05,0.05
PD_122_R15_S05#,ddb_ff_sd,TF KO,Escherichia coli BW25113 del-crp,BW25113 del-crp,Fed-batch,3,0.05,0.05
PD_122_R5_S05#2,ddb_ff_sd,WT,Escherichia coli BW25113,BW25113,Fed-batch,3,0.05,0.05
PD_122_R7_S05#2,ddb_ff_sd,TF KO,Escherichia coli BW25113 del-prpR,BW25113 del-prpR,Fed-batch,3,0.05,0.05
PD_122_R9_S05#2,ddb_ff_sd,TF KO,Escherichia coli BW25113 del-cra,BW25113 del-cra,Fed-batch,3,0.05,0.05
PD_123_R11_S05#,ddb_ff_sd,TF KO,Escherichia coli BW25113 del-rpoS,BW25113 del-rpoS,Fed-batch,3,0.05,0.05
PD_123_R13_S05#,ddb_ff_sd,TF KO,Escherichia coli BW25113 del-fliA,BW25113 del-fliA,Fed-batch,3,0.05,0.05
PD_123_R5_S05#1,ddb_ff_sd,WT,Escherichia coli BW25113,BW25113,Fed-batch,3,0.05,0.05
PD_123_R7_S05#1,ddb_ff_sd,TF KO,Escherichia coli BW25113 del-prpR,BW25113 del-prpR,Fed-batch,3,0.05,0.05
PD_123_R9_S05#1,ddb_ff_sd,TF KO,Escherichia coli BW25113 del-cra,BW25113 del-cra,Fed-batch,3,0.05,0.05
